[{"id":"Abstract_img0","weather":["All"],"applyeffect":false,"applymessage":false},{"id":"Abstract_img1","weather":["All"],"applyeffect":false,"applymessage":false},{"id":"Abstract_img2","weather":["All"],"applyeffect":false,"applymessage":false},{"id":"Abstract_img3","weather":["All"],"applyeffect":false,"applymessage":false},{"id":"Abstract_img5","weather":["All"],"applyeffect":false,"applymessage":false},{"id":"Abstract_img6","weather":["All"],"applyeffect":false,"applymessage":false},{"id":"Abstract_img7","weather":["All"],"applyeffect":false,"applymessage":false},{"id":"Abstract_img8","weather":["All"],"applyeffect":false,"applymessage":false},{"id":"Abstract_img9","weather":["All"],"applyeffect":false,"applymessage":false},{"id":"Abstract_img10","weather":["All"],"applyeffect":false,"applymessage":false},{"id":"Abstract_img11","weather":["All"],"applyeffect":false,"applymessage":false}]